SNP ID	Chromosome	Position in Build GRCh37	Variants (Ref/Alt)	Critical SNP	GWAS p-value (PLINK)	Gene(s) mapped based on genomic position	SNP to Gene mapping
rs41306603	1	33321877	A/C	1	0.5427	S100PBP	genebody
rs2985754	1	39053684	T/C	0	0.0006456		
rs946448	1	54661150	C/T	0	0.04175	"CYB5RL, AL357673.1, MRPL37"	genebody
rs12562306	1	54662686	G/A	0	0.03959	"CYB5RL, AL357673.1, MRPL37"	genebody
rs17571877	1	73987668	G/A	0	0.3687	LINC02238	closest
rs72711020	1	153532117	G/A	0	0.1138	S100A2	geneupdown
rs12044097	1	158597309	A/G	0	0.5859	SPTA1	genebody
rs74135796	1	199598535	G/A	0	0.002629	AL450244.1	closest
rs4844861	1	209799819	A/G	0	0.059	LAMB3	genebody
rs61825301	1	228504591	C/A	0	0.1344	OBSCN	genebody
rs11695478	2	7836636	C/T	1	0.008929		
rs58634322	2	12848518	T/C	1	0.02128	AC009486.1	closest
rs817095	2	49571948	A/G	0	0.9737	"AC009975.2, AC009975.1"	genebody
rs7605428	2	51564436	T/C	0	0.03879	AC007402.1	genebody
rs4144251	2	64401060	C/T	0	0.705	AC012368.1	genebody
rs13015713	2	76369707	A/G	0	0.2913	SUCLA2P2	closest
rs56309153	2	85983820	G/A	0	0.005473	ATOH8	genebody
rs12712033	2	99457973	T/C	0	0.02448	KIAA1211L	genebody
rs13414838	2	101087335	C/A	0	0.0458	NMS	genebody
rs35537747	2	107870375	C/T	0	0.000212	LINC01789	geneupdown
rs60600282	2	114111901	T/C	0	0.05341	IGKV1OR2-108	closest
rs12464809	2	134521622	G/A	0	0.001435	RN7SKP93	closest
rs72864990	2	153371385	G/A	0	0.8377	FMNL2	genebody
rs1020411	2	176736304	C/A	0	0.7098		
rs2592394	2	176991779	G/A	0	1	HOXD-AS2	genebody
rs10177290	2	191685265	G/A	0	0.02296	AC005540.1	closest
rs879665	2	234740136	G/A	0	0.403	MROH2A	genebody
rs12490191	3	8711098	G/A	0	0.6189	SSUH2	genebody
rs2304725	3	10885920	T/C	1	0.03229	SLC6A11	genebody
rs76621327	3	30259173	C/A	0	0.1172		
rs9869834	3	63481111	A/G	0	0.476	"SYNPR, SYNPR-AS1"	genebody
rs17812116	3	67800795	A/C	0	0.9575	SUCLG2-AS1	genebody
rs62254551	3	77985142	T/G	0	0.9509	AC134729.1	closest
rs1917097	3	78304283	G/A	0	0.2378	AC108752.1	closest
rs9876108	3	106833272	C/T	0	0.02809	LINC00882	genebody
rs7624046	3	178461771	C/T	0	0.02728	"KCNMB2-AS1, KCNMB2, AC117457.1"	genebody
rs56045138	3	181955235	T/G	0	0.8606		
rs7376617	4	6236339	T/C	1	0.009282	LINC02495	genebody
rs73797049	4	8049312	A/G	0	0.4163	ABLIM2	genebody
rs6832769	4	56298194	A/G	1	0.001337	"CLOCK, TMEM165"	genebody
rs35388418	4	63902202	A/G	0	0.7242	AC097491.1	closest
rs10018406	4	63983402	G/A	0	0.7728	AC097491.1	closest
rs10011047	4	64081333	G/T	0	0.9668	AC097491.1	closest
rs6842554	4	66778101	C/G	0	0.6509	AC097110.1	closest
rs6835113	4	111127450	A/G	0	0.7151	ELOVL6	closest
rs1986655	4	125993502	A/G	0	0.1182	FAT4	closest
rs13138313	4	146977979	C/T	0	0.272	AC108206.1	geneupdown
rs2611215	4	166574267	G/A	0	0.5801		
rs116395696	4	185178994	G/A	0	0.06719		
rs2029952	4	189962722	C/A	1	0.427	AC122138.1	closest
rs6861966	5	53732835	C/T	0	0.0007897		
rs12515588	5	76414494	T/C	0	0.1177	"AC008581.2, ZBED3-AS1, AC022414.1"	genebody
rs4377693	5	77647720	G/A	0	0.3567	SCAMP1-AS1	genebody
rs4920832	5	85043444	A/G	0	0.009238	RPS2P25	closest
rs42756	5	94198498	T/C	0	0.5388	MCTP1	genebody
rs58264436	5	109484586	A/G	1	0.2102	TMEM232	closest
rs35396333	5	113074136	T/G	0	0.6495	YTHDC2	closest
rs12332121	5	116103796	C/G	0	0.465	LINC02214	closest
rs7731560	5	119198009	T/G	1	0.01653		
rs11135368	5	164768748	G/A	0	0.7042	AC008415.1	closest
rs62388082	5	175007045	T/A	0	0.0066		
rs4526126	5	177507306	T/C	0	0.7694	FAM153C	genebody
rs6912599	6	9828518	C/T	0	0.005739	OFCC1	genebody
rs2236212	6	10995015	G/C	0	0.978	ELOVL2	genebody
rs209165	6	28829486	A/C	0	0.1999	"RPL13P, LINC01623"	genebody
rs62401163	6	46529604	G/C	0	0.2549	CYP39A1	genebody
rs55652946	6	47058569	C/T	0	0.9096		
rs3798276	6	54178862	C/A	0	0.007949	TINAG	genebody
rs75548762	6	79892866	T/C	0	0.8836	HMGN3	closest
rs9444564	6	88627408	G/A	1	0.0001549	AL590392.1	closest
rs4524616	6	98445008	A/C	0	9.092e-05	AL589740.1	genebody
rs4601136	6	98488771	A/G	0	0.0004835	AL589740.1	genebody
rs9403525	6	144041537	T/C	1	0.6432	PHACTR2	genebody
rs12530627	7	13889107	G/A	1	0.007123		
rs62452969	7	20147102	C/T	0	0.09887	"AC007001.1, AC005062.1"	genebody
rs1267267	7	40169652	G/C	0	0.02752	MPLKIP	genebody
rs57169846	7	53655073	G/A	0	0.1382	AC009468.1	closest
rs758682	7	67624486	A/C	0	0.6728	AC093655.1	genebody
rs2028009	7	106454351	C/T	0	0.09785	LINC02577	genebody
rs726471	7	108102346	T/C	0	0.01006	NRCAM	closest
rs77677798	7	118420978	C/A	0	0.009008	GTF3AP6	closest
rs10488419	7	133693897	C/T	0	0.08459	EXOC4	genebody
rs11769606	7	149227589	A/C	0	0.3912	ZNF767P	closest
rs34694271	7	149450693	T/C	0	0.1869		
rs3779859	8	2013091	C/T	0	0.003269	MYOM2	genebody
rs10503277	8	4625925	A/C	0	0.05337	CSMD1	genebody
rs62521813	8	69353411	T/G	0	0.02696	C8orf34	genebody
rs4738034	8	70761910	C/T	0	0.8807	AC079089.1	genebody
rs35186300	8	73240922	A/G	0	0.3598		
rs519138	8	93493736	C/T	0	0.2126	AC091096.1	genebody
rs7007248	8	103558965	T/C	0	0.628	ODF1	closest
rs28846183	8	128452128	A/G	0	0.1068	CASC8	genebody
rs4313118	8	128571759	T/C	1	0.1359	AC104370.1	closest
rs11780906	8	131765265	C/T	0	0.001261	ADCY8	closest
rs7837321	8	140990070	C/G	0	0.137	TRAPPC9	genebody
rs12550751	8	144290410	G/A	0	0.2469	GPIHBP1	closest
rs994779	9	12852862	C/A	0	0.01936		
Affx-33425392	9	14795356	G/T	0	0.1754	FREM1	genebody
rs17779800	9	27618056	G/A	0	0.4459		
rs7027070	9	36998856	C/A	0	0.4316	PAX5	genebody
rs4745697	9	80688066	A/G	0	0.7513		
Affx-34417209	9	97369151	G/A	0	0.2314	FBP1	genebody
rs13285566	9	116656891	T/G	0	0.7322	ZNF618	genebody
rs1327804	9	121025957	T/C	0	0.5866	TPT1P9	closest
rs9299270	9	122860171	A/G	0	0.01321	AL441989.1	closest
rs570817	9	135342792	G/T	0	0.01538	CFAP77	genebody
rs62584791	9	138692634	C/T	0	0.7801		
rs7913215	10	5884516	A/T	0	0.824	GDI2	geneupdown
rs2499908	10	11484164	A/G	1	0.0007579	USP6NL	closest
rs10764325	10	18440733	T/C	0	0.7813	CACNB2	genebody
rs10884539	10	109540050	G/A	0	0.05374	LINC01435	genebody
rs11030639	11	4039056	A/G	0	0.1	STIM1	genebody
rs7101688	11	4567584	A/G	0	0.02056	OR52M1	geneupdown
rs1395905	11	7206403	C/T	1	0.1032	AC027804.1	closest
rs4501964	11	12739053	C/G	0	0.005548	TEAD1	genebody
rs116842259	11	15185002	T/C	0	0.08269	INSC	genebody
rs7952262	11	21353780	G/A	0	0.006278	NELL1	genebody
rs7926655	11	26767433	T/C	0	0.03175	SLC5A12	closest
rs1445326	11	27031167	C/T	0	0.0007191		
rs7930105	11	33794984	T/C	0	0.006239	FBXO3	genebody
rs10501233	11	40467912	C/T	0	0.03957	"LRRC4C, AC090720.1"	genebody
rs77821266	11	79315574	T/G	0	0.254	AP001978.1	geneupdown
rs7122851	11	83056929	G/A	0	0.05901	AP000446.1	genebody
rs73021223	11	125908185	G/C	1	0.005923	CDON	genebody
rs11221492	11	128748411	A/G	0	0.4575	AP000920.1	geneupdown
rs917602	12	3679723	G/A	0	0.829	PRMT8	genebody
rs12812478	12	4077323	A/G	0	0.1234		
rs12309571	12	10298009	T/C	0	0.1341		
rs35868427	12	11982256	A/G	0	0.4171	ETV6	genebody
rs7134469	12	12471802	A/G	0	0.0794		
rs7953236	12	29008173	T/C	0	0.1901		
rs12422918	12	64312610	G/T	0	0.06485	SRGAP1	genebody
rs10784508	12	66401521	C/A	0	0.2554		
rs954090	12	71099936	A/G	0	0.3444	PTPRR	genebody
rs949730	12	79410286	T/C	0	0.3454	"SYT1, AC090709.1"	genebody
rs17009338	12	82613624	A/C	0	0.01152	CCDC59	closest
rs17773312	12	82670236	C/T	0	0.01626	CCDC59	genebody
rs2471534	12	88494718	T/C	0	0.01149	CEP290	genebody
rs4760980	12	128062971	A/C	0	0.05798	AC025252.1	closest
rs2398428	12	129235566	A/G	1	0.4392	SLC15A4	closest
rs17052708	13	36303712	C/T	0	0.0625	LINC00445	closest
rs649372	13	37257743	A/G	0	0.0612	SERTM1	genebody
rs6561713	13	53881911	C/T	0	0.6346	AL450423.1	closest
rs16947237	13	92923296	T/C	1	0.003225	GPC5	genebody
rs6491316	13	97560478	G/A	0	0.04809		
rs11839732	13	111711587	T/C	1	0.0004462		
rs1956944	14	25827306	G/A	0	0.9373	OR7K1P	genebody
rs7157977	14	31858209	C/T	0	0.4036	"AL139353.1, HEATR5A"	genebody
rs2378865	14	31882473	A/G	0	0.5513	"AL139353.1, HEATR5A"	genebody
rs7159803	14	38280370	A/G	0	0.05397	TTC6	genebody
rs1566129	14	52514912	C/T	0	0.432	NID2	genebody
rs35463808	14	73274745	C/A	0	0.02906	DPF3	genebody
rs72708234	14	98840046	G/A	0	0.6655		
rs351224	15	74487036	T/A	0	0.0005188	STRA6	genebody
rs72732818	15	75478123	G/A	0	0.09053	RPL36AP45	geneupdown
rs4932370	15	91404705	G/A	0	0.05279	RN7SL363P	closest
rs4777865	15	93944034	T/C	0	0.7231	AC091078.1	genebody
rs4984526	15	96762385	C/T	0	0.05036	"NR2F2-AS1, AC012409.2"	genebody
rs17136255	16	400475	C/T	0	0.1124	AXIN1	genebody
rs12930636	16	8116190	A/G	0	0.08864	AC093515.1	closest
rs2269787	16	19243076	A/G	0	0.3143	SYT17	genebody
rs10500403	16	19775269	G/C	0	0.009994	"AC027130.1, IQCK"	genebody
rs4788817	16	71641395	T/C	0	0.1465	AC009097.2	closest
rs684232	17	618965	T/C	0	0.006716	VPS53	genebody
rs28715644	17	2835352	A/G	0	0.1282	RAP1GAP2	genebody
rs12950480	17	9248401	C/A	0	0.01472	STX8	genebody
rs61744697	17	11672607	G/T	0	0.5083	DNAH9	genebody
rs79935615	17	11683685	A/C	0	0.4221	DNAH9	genebody
rs3785477	17	55164142	C/T	1	0.003091	AKAP1	genebody
rs206604	18	10335870	A/G	0	0.03557	AP005209.1	genebody
rs75827101	18	13476143	T/C	0	0.9558	LDLRAD4	genebody
rs60619978	18	24229981	A/G	0	0.008257	KCTD1	genebody
rs9646604	18	67978265	G/A	0	0.0351	SOCS6	genebody
rs35774571	18	70033675	C/T	0	0.3508	CBLN2	closest
rs62112949	18	74301852	G/C	0	0.1918	LINC00683	genebody
rs66754206	18	74302463	G/C	0	0.3655	LINC00683	genebody
rs8107775	19	907821	C/T	0	0.8653	R3HDM4	genebody
rs59165976	19	7198471	G/C	1	0.01305	INSR	genebody
rs1644757	19	7663768	A/G	0	0.3931	CAMSAP3	genebody
rs10403668	19	10686123	G/A	0	0.4294	AP1M2	genebody
rs2190805	19	28469512	C/T	0	0.8676	"AC006504.7, AC005357.2"	genebody
rs9304634	19	29378120	A/C	0	0.9088	LINC00906	genebody
rs10420798	19	33764718	A/G	1	0.001055	AC008738.6	closest
rs3556	19	33878039	A/G	0	0.6207	PEPD	genebody
rs2042286	19	48289303	C/T	0	0.114		
rs11696277	20	17264604	G/A	0	0.2973	PCSK2	genebody
rs4813374	20	19794642	G/A	0	0.0595	RIN2	genebody
Affx-16805420	20	46365636	C/T	1	0.6576	SULF2	genebody
rs237475	20	48049506	T/C	1	0.8754	"AL035685.1, KCNB1"	genebody
rs2904106	20	50332343	T/C	1	0.009164	ATP9A	genebody
rs6062914	20	62008596	G/A	0	0.003344	CHRNA4	genebody
rs9979510	21	18320324	T/C	0	0.914	AF212831.1	closest
rs2244010	21	23650356	T/C	0	0.3943	AP000561.1	genebody
rs2243408	21	29173136	A/G	0	0.7129		
rs10470164	21	33384319	T/C	0	0.6156	HUNK	genebody
rs13047599	21	34926260	T/C	0	0.1597	SON	genebody
rs2309099	21	43074513	T/G	0	0.004779		
rs11910362	21	44042101	T/C	0	0.04183		
rs5747306	22	18128960	A/G	0	0.0006479	BCL2L13	genebody
